frame,filament_id,z,y,x,raw_intensity,probability
18,3,1,65,71,143.0,0.5271320939064026
18,3,1,66,70,148.0,0.5412867069244385
18,3,1,66,71,129.0,0.7974583506584167
