frame,filament_id,size_px,length_px,z,y,x
19,2,6,3.43,0.16666666666666666,44.833333333333336,86.16666666666667
