frame,filament_id,size_px,length_px,z,y,x
6,3,62,14.73,0.4032258064516129,58.87096774193548,57.596774193548384
7,3,29,7.57,0.3103448275862069,57.3448275862069,57.89655172413793
