frame,filament_id,size_px,length_px,z,y,x
38,4,7,4.49,0.0,78.28571428571429,62.42857142857143
