frame,filament_id,size_px,length_px,z,y,x
16,4,9,4.12,0.2222222222222222,83.66666666666667,70.11111111111111
