frame,filament_id,size_px,length_px,z,y,x
46,4,19,10.61,0.47368421052631576,71.05263157894737,80.05263157894737
