frame,filament_id,size_px,length_px,z,y,x
7,5,19,6.16,0.47368421052631576,60.473684210526315,52.473684210526315
10,5,12,8.64,0.16666666666666666,54.166666666666664,51.666666666666664
