frame,filament_id,size_px,length_px,z,y,x
17,3,7,3.87,0.7142857142857143,57.142857142857146,60.285714285714285
